<?xml version="1.0" encoding="utf-8" standalone="yes"?>
<rss version="2.0" xmlns:atom="http://www.w3.org/2005/Atom">
  <channel>
    <title>Blogs on IASDR 2021 - Impact Design Panel</title>
    <link>https://examplesite.com/blog/</link>
    <description>Recent content in Blogs on IASDR 2021 - Impact Design Panel</description>
    <generator>Hugo -- gohugo.io</generator>
    <language>en-us</language>
    <copyright>Copyright &amp;copy; 2021 IASDR 2021 &amp; ID KAIST</copyright>
    <lastBuildDate>Wed, 12 Sep 2018 14:51:12 +0600</lastBuildDate><atom:link href="https://examplesite.com/blog/index.xml" rel="self" type="application/rss+xml" />
    <item>
      <title>Are You Doing the Right Way</title>
      <link>https://examplesite.com/blog/simple-blog-post-8/</link>
      <pubDate>Wed, 12 Sep 2018 14:51:12 +0600</pubDate>
      
      <guid>https://examplesite.com/blog/simple-blog-post-8/</guid>
      <description>Praesent sapien massa, convallis a pellentesque nec, egestas non nisi. Vestibulum ante ipsum primis in faucibus orci luctus et ultrices posuere cubilia Curae.</description>
    </item>
    
    <item>
      <title>How To Setup Meghna Hugo</title>
      <link>https://examplesite.com/blog/installation/</link>
      <pubDate>Wed, 12 Sep 2018 14:51:12 +0600</pubDate>
      
      <guid>https://examplesite.com/blog/installation/</guid>
      <description>Install this template by following those simple steps: STEP-1 : Hugo installation Check this link below for install hugo on your computer.</description>
    </item>
    
    <item>
      <title>Simple Blog Post</title>
      <link>https://examplesite.com/blog/simple-blog-post-1/</link>
      <pubDate>Wed, 12 Sep 2018 12:52:36 +0600</pubDate>
      
      <guid>https://examplesite.com/blog/simple-blog-post-1/</guid>
      <description>Praesent sapien massa, convallis a pellentesque nec, egestas non nisi. Vestibulum ante ipsum primis in faucibus orci luctus et ultrices posuere cubilia Curae.</description>
    </item>
    
    <item>
      <title>Simple Blog Post</title>
      <link>https://examplesite.com/blog/simple-blog-post-2/</link>
      <pubDate>Wed, 12 Sep 2018 12:52:36 +0600</pubDate>
      
      <guid>https://examplesite.com/blog/simple-blog-post-2/</guid>
      <description>Praesent sapien massa, convallis a pellentesque nec, egestas non nisi. Vestibulum ante ipsum primis in faucibus orci luctus et ultrices posuere cubilia Curae.</description>
    </item>
    
    <item>
      <title>Simple Blog Post</title>
      <link>https://examplesite.com/blog/simple-blog-post-3/</link>
      <pubDate>Wed, 12 Sep 2018 12:52:36 +0600</pubDate>
      
      <guid>https://examplesite.com/blog/simple-blog-post-3/</guid>
      <description>Praesent sapien massa, convallis a pellentesque nec, egestas non nisi. Vestibulum ante ipsum primis in faucibus orci luctus et ultrices posuere cubilia Curae.</description>
    </item>
    
    <item>
      <title>Simple Blog Post</title>
      <link>https://examplesite.com/blog/simple-blog-post-4/</link>
      <pubDate>Wed, 12 Sep 2018 12:52:36 +0600</pubDate>
      
      <guid>https://examplesite.com/blog/simple-blog-post-4/</guid>
      <description>Praesent sapien massa, convallis a pellentesque nec, egestas non nisi. Vestibulum ante ipsum primis in faucibus orci luctus et ultrices posuere cubilia Curae.</description>
    </item>
    
    <item>
      <title>Simple Blog Post</title>
      <link>https://examplesite.com/blog/simple-blog-post-5/</link>
      <pubDate>Wed, 12 Sep 2018 12:52:36 +0600</pubDate>
      
      <guid>https://examplesite.com/blog/simple-blog-post-5/</guid>
      <description>Praesent sapien massa, convallis a pellentesque nec, egestas non nisi. Vestibulum ante ipsum primis in faucibus orci luctus et ultrices posuere cubilia Curae.</description>
    </item>
    
    <item>
      <title>Simple Blog Post</title>
      <link>https://examplesite.com/blog/simple-blog-post-6/</link>
      <pubDate>Wed, 12 Sep 2018 12:52:36 +0600</pubDate>
      
      <guid>https://examplesite.com/blog/simple-blog-post-6/</guid>
      <description>Praesent sapien massa, convallis a pellentesque nec, egestas non nisi. Vestibulum ante ipsum primis in faucibus orci luctus et ultrices posuere cubilia Curae.</description>
    </item>
    
    <item>
      <title>Simple Blog Post</title>
      <link>https://examplesite.com/blog/simple-blog-post-7/</link>
      <pubDate>Wed, 12 Sep 2018 12:52:36 +0600</pubDate>
      
      <guid>https://examplesite.com/blog/simple-blog-post-7/</guid>
      <description>Praesent sapien massa, convallis a pellentesque nec, egestas non nisi. Vestibulum ante ipsum primis in faucibus orci luctus et ultrices posuere cubilia Curae.</description>
    </item>
    
  </channel>
</rss>
