<?xml version="1.0" encoding="utf-8" standalone="yes"?>
<rss version="2.0" xmlns:atom="http://www.w3.org/2005/Atom">
  <channel>
    <title>Authors on IASDR 2021 - Impact Design Panel</title>
    <link>https://examplesite.com/author/</link>
    <description>Recent content in Authors on IASDR 2021 - Impact Design Panel</description>
    <generator>Hugo -- gohugo.io</generator>
    <language>en-us</language>
    <copyright>Copyright &amp;copy; 2021 IASDR 2021 &amp; ID KAIST</copyright><atom:link href="https://examplesite.com/author/index.xml" rel="self" type="application/rss+xml" />
    <item>
      <title>John Doe</title>
      <link>https://examplesite.com/author/john-doe/</link>
      <pubDate>Mon, 01 Jan 0001 00:00:00 +0000</pubDate>
      
      <guid>https://examplesite.com/author/john-doe/</guid>
      <description>Lorem ipsum dolor sit amet, consectetur adipiscing elit. Proin sit amet vulputate augue. Duis auctor lacus id vehicula gravida.</description>
    </item>
    
    <item>
      <title>Mark Dinn</title>
      <link>https://examplesite.com/author/mark-dinn/</link>
      <pubDate>Mon, 01 Jan 0001 00:00:00 +0000</pubDate>
      
      <guid>https://examplesite.com/author/mark-dinn/</guid>
      <description>Lorem ipsum dolor sit amet, consectetur adipiscing elit. Proin sit amet vulputate augue. Duis auctor lacus id vehicula gravida.</description>
    </item>
    
  </channel>
</rss>
