<?xml version="1.0" encoding="utf-8" standalone="yes"?>
<rss version="2.0" xmlns:atom="http://www.w3.org/2005/Atom">
  <channel>
    <title>Tags on IASDR 2021 - Impact Design Panel</title>
    <link>https://examplesite.com/tags/</link>
    <description>Recent content in Tags on IASDR 2021 - Impact Design Panel</description>
    <generator>Hugo -- gohugo.io</generator>
    <language>en-us</language>
    <copyright>Copyright &amp;copy; 2021 IASDR 2021 &amp; ID KAIST</copyright><atom:link href="https://examplesite.com/tags/index.xml" rel="self" type="application/rss+xml" />
  </channel>
</rss>
